num,year_grade,book,chapter_num,chapter_name,section_num,section_name,knowledge_points,section_summarnum,year_grade,book,chapter_num,chapter_name,section_num,section_name,knowledge_points,section_summary
1,7,第一冊,1,公民與公民德性,1,什麼是公民？,公民身份、社會責任,本節討論了什麼是公民，強調身為公民既是一種身份認同，也是承擔社會責任的象徵。公民身份不僅僅是法律地位，還包含了參與社會運作的權利與義務。身為公民，我們應積極參與社會活動，維護社會公平與正義，並認識到每個人都是社會的一部分，應該努力創造共同的福祉。此外，公民教育也被提及，強調培養公民德性的重要性，包括尊重他人、遵守法律和展現負責任的行為，這些都是建立一個健康社會的基礎。
2,7,第一冊,1,公民與公民德性,2,現代公民應具備的基本德性,權利與義務、尊重他人,本節介紹了現代公民在社會中應該具備的基本德性，強調在公民生活中理解和實踐權利與義務的相互關係，這不僅是作為一名合格公民的基礎，也是一個社會團結合作的前提。同時，尊重他人是現代公民應具備的另一個重要德性，包括對他人人權、意見和文化差異的尊重，能夠促進和諧相處，減少矛盾與衝突。培養這些德性有助於提升個體的社會責任感，使得每個公民都能為社會的發展與個人幸福貢獻力量，最終形成一個團結友愛的社會環境。
3,7,第一冊,2,人性尊嚴與人權保障,1,人性尊嚴與人權,人性尊嚴、普遍性,本節探討人性尊嚴與人權保障之間的密切關係。人性尊嚴是指每個人都應受到的基本尊重和價值承認，這是人權保障的核心要素。在此背景下，人權被視為保障人性尊嚴的工具，目的在於確保個人享有基本權利和自由，不受歧視和虐待影響。人權具有高度的普遍性，不受文化、地域或民族的限制，是所有人都應享有的基本權利。本節將深入解析如何在不同文化和社會制度中實現人權保障，以及人權普及的重要性和挑戰，以促進全球範圍內的人權保護。
4,7,第一冊,2,人性尊嚴與人權保障,2,人權保障的落實,普世價值、法律保障,本節主要探討人權保障的落實與其重要性，首先介紹人權保障作為普世價值，強調人性尊嚴是人權體系的核心。接著，論述法律在保障人權中所扮演的關鍵角色，尤其在國內外法律框架中的表現，並探討如何通過立法、司法、行政等方式實現保障。此外，分析了一些國家在人權保障中面臨的挑戰及解決方案，包括政策制定與國際合作的重要性。本節旨在強調個人與政府如何共同努力，才能有效保障每個人的基本人權，並促進人權的持續發展。
5,7,第一冊,3,家庭生活,1,家庭中的親屬關係,親屬關係類型、家庭角色分工,本節探討家庭中不同的親屬關係及其在家庭生活中的重要性。親屬關係類型包括直系親屬和旁系親屬，各自在家庭結構中的角色和義務不同。家庭角色分工是家庭運作的基礎，影響到家庭成員間的互動和責任分配。了解這些關係和分工有助於促進和諧的家庭生活，並有助於青少年建立良好的家庭觀念，尊重和理解家庭各成員的貢獻。這些概念在生活中很常見且重要，是理解家庭動力的基礎。
6,7,第一冊,3,家庭生活,2,家庭型態與生活模式,家庭結構差異、多元家庭類型,本節主要探討在現代社會中，家庭型態與生活模式的多樣性。隨著社會與文化的變遷，家庭的結構和形態呈現多元化的特徵。傳統核心家庭不再是唯一的家庭結構，單親家庭、再婚家庭、同居伴侶家庭、及跨代家庭等不斷顯現，加深了我們對家庭概念的理解。本節中分析了不同家庭型態的優勢與挑戰，並討論這些多樣化趨勢對個人生活、社會連結及文化傳承的影響，強調家庭功能的彈性與適應性。透過對家庭生活的深入理解，我們可以促進更包容的社會環境。
7,7,第一冊,3,家庭生活,3,家庭成員的權利與義務,權利與義務的平衡、與家庭成員的互動,本節探討家庭成員之間的權利與義務，強調在家庭生活中，每位成員皆擁有特定的權利，同時也必須履行相應的義務。課程中指出，權利與義務的平衡是維持家庭和諧的重要基石，例如兒女擁有接受教育的權利，並有尊重和孝順父母的義務，而父母有撫養及教育子女的責任，也享有家庭資源分配的權利。此外，小節還強調了與家庭成員互動的重要性，良好的溝通能促進理解和支持，有助於構建一個溫馨和諧的家庭環境。
8,7,第一冊,4,變遷中的家庭,1,家庭的功能與轉變,家庭結構變遷、功能轉變,本節探討了家庭作為社會基本單位，其結構和功能隨著時代的變遷而發生的轉變。首先，從傳統大家族到現代核心小家庭的結構變化，展現了人口流動、都市化及現代價值觀的影響。其次，家庭功能的轉變也被探討，特別是生育、經濟生產、教育和社會化等基本功能如何適應現代社會的發展需求。隨著社會福利體系的發展，很多傳統上由家庭承擔的功能如照顧老人和病患的角色逐漸由社會機構分擔。這些變遷提示出家庭需要在保持自身穩定的同時，靈活應對外部社會環境的變化。
9,7,第一冊,4,變遷中的家庭,2,政府如何協助家庭發揮功能？,政府社會福利政策、家庭功能支持,在現代社會，家庭結構和其功能正經歷著快速變遷。面對這種現狀，政府角色尤為關鍵，其社會福利政策如社會保障、醫療保險及托育服務等，旨在全面支持家庭功能的運作，保障其基本需求。此外，政府還通過教育和輔導等措施來加強家庭內部的穩定性和互動性，尤其在單親家庭、貧困家庭等需要特別支援的情況下，提供多元化的服務和援助。總體而言，政府的制度與措施是協助家庭應對挑戰的重要支持，促進社會的和諧與穩定。
10,7,第一冊,5,學生權利與校園生活,1,校園中的權利與維護,受教育權、隱私權,本節主要探討學生在校園中的各項權利及其維護。首先，受教育權是每位學生都應享有的基本權利，學校應提供公平且優質的教育機會。其次，學生在校園中也有隱私權，應受到保護，如個人資訊的保密和私人空間的尊重。此外，學校應該建立明確的制度，保障學生的權益不受侵害，並提供申訴渠道以解決爭議。了解並維護校園中的學生權利，不僅有助於營造和諧的校園環境，也為學生提供了一個健康成長的基礎。這些權利是現代教育中必不可少的元素，值得每位成員重視。
11,7,第一冊,5,學生權利與校園生活,2,如何參與校園公共事務？,參與機會、民主意識,本節主要探討學生如何在校園生活中有效地參與公共事務，以提高其民主參與意識。首先，本節介紹了學生參與校園公共事務的重要性，強調通過參與各種學校組織和活動，學生可以培養責任感、決策能力以及團隊合作技巧。其次，具體闡述了各種參與途徑，包括學生會、班委和社團等，並説明如何充分利用這些平台進行民主選舉和表達意見，強化學生的公共精神。最後，總結指出這些機會不僅有助於提升學生的自信心和領導力，還為其未來的社會參與打下基礎，使其更好地適應多元化社會。
12,7,第一冊,6,部落與公民參與,1,部落的意義與重要性,部落文化、多樣性,本節探討部落的意義與其在現代社會中的重要性。部落不僅是族群認同的核心，也是文化多樣性的重要載體。透過部落，人們可以傳承傳統知識與習俗，增強文化自豪感。部落在促進社會團結與共同體的意識上扮演關鍵角色，使成員能共同面對外來挑戰。此外，部落還是一個培育領導力與組織能力的重要場所，有助於提高公民參與，促進族群內外的交流與合作。現代化進程中，保存並尊重部落文化顯得尤為重要，有助於維持社會的多樣性與和諧。
13,7,第一冊,6,部落與公民參與,2,部落的挑戰與公民參與,部落自治、資源管理,本節主要探討了現代部落面臨的挑戰以及公民如何有效參與其中。首先，介紹了部落自治的基本概念，強調部落有權自主管理內部事務，維護文化與傳統。然而，自治過程中往往伴隨著資源有限、外部壓力等問題，這成為部落治理的一大挑戰。接下來，闡述了公民參與在解決這些問題中的重要性，如透過民主會議和參與決策，提高群體領導能力和凝聚力。此外，公民參與還能促進部落與外界的良好互動，並促進資源的有效管理。整體而言，只有通過加強自主性與多方合作，部落才能在現代社會中持續發展。
14,7,第二冊,1,多元文化,1,文化的特性與差異,文化多樣性、文化交流,本節主要探討文化的多樣性與交流之重要性。文化不僅是人們生活方式的反映，還涉及信仰、價值觀、慶典、節日等諸多方面。了解不同文化間的差異與特性，有助於促進多元文化間的交流與理解，減少誤解與衝突。文化多樣性是一個社會豐富性的體現，它不僅影響社會的運作方式，還塑造了個人的身份認同。交流則是文化間互動的關鍵，它促使文化在互相學習的過程中發展和完善。通過文化交流，人們能夠尊重和欣賞不同文化的獨特性，推動全球化背景下的和諧共存。
15,7,第二冊,1,多元文化,2,文化位階與不平等,文化位階、文化不平等,本節探討文化位階與不平等的概念，文化位階指的是某一文化在社會中被賦予的高低位置，通常與社會的權力結構息息相關。高位階的文化往往擁有更多資源與社會認可，而低位階文化則可能被忽視或邊緣化。文化不平等則是由這種位階結構導致的社會不公，包括資源分配與機會獲得的不平等。這一節旨在深度了解文化位階如何影響人們的日常生活，及引發的社會矛盾與挑戰。學生將透過例證與討論，探討如何促進文化多樣性與平等。
16,7,第二冊,1,多元文化,3,尊重和包容文化差異,文化差異、文化包容,本節探討在多元文化背景下尊重和包容的必要性，強調理解及尊重不同文化的重要性，以促進和諧共處。多元文化社會的建立需要個體能夠認識到文化差異的存在並學習如何包容這些差異。在此過程中，開放和包容的態度至關重要，因為它鼓勵個人從不同視角出發，接受異文化的價值與習俗。此外，了解和尊重文化差異可以促進不同文化間的溝通與合作，從而為社會的和諧發展奠定基礎。因此，本節旨在提升學生對多元文化的認識，培養其尊重和包容文化差異的能力。
17,7,第二冊,2,社會規範,1,為什麼會有社會規範？,社會規範的來源、社會規範的功能,本節主要探討社會規範的來源與重要性。社會規範是指一種由社會共識形成的行為準則，它通常包括法律、道德和習俗等不同層面。這些規範的形成通常基於歷史、文化和經濟等多重因素的影響。社會規範的功能主要是維持社會秩序，提供個體行為的指導，並協助解決衝突與糾紛。藉由遵守社會規範，個人可以在社會中獲得認可與接納，從而促進社會的穩定與和諧。理解社會規範的作用有助於增進我們對社會系統運作的了解。
18,7,第二冊,2,社會規範,2,社會規範的內涵,社會規範的種類、社會規範的功能,本節介紹了社會規範的內涵，重點在於區分和理解不同類型的社會規範，例如法律、道德和習俗等。社會規範是一種行為規則，用於指導個人行為並確保社會秩序的維持。社會規範具有多種功能，包括維持社會秩序、促進社會和諧及引導成員行為等。在不同的文化和社會中，這些規範的具體內容及其執行方式可能會有所不同。本節還探討了這些規範間的相互作用如何共同維持社會的穩定。
19,7,第二冊,3,團體與志願結社,1,為什麼要參與團體？,歸屬感、社會責任,本節探討個人為何應該參與團體，並強調團體生活對個人成長和社會發展的重要性。首先，參與團體能夠帶給人歸屬感，使個人找到自我價值並建立自信心。其次，透過團體活動，個人能夠實踐社會責任，學習團隊合作和溝通等重要能力。這不僅有助於拓展視野，同時也提供了社會支持，增加對社會的參與感和責任感，並促進社交關係網絡的建立，對於未來的人際交往和職業發展有著深遠影響。因此，個人應積極參與不同的團體活動，以豐富人生體驗，提升自我潛能。
20,7,第二冊,3,團體與志願結社,2,志願結社的特徵及影響,志願結社的自主性、社會影響力,志願結社是由一群有共同目標或理念的人自願結成的組織，其主要特徵在於自主性和非營利性，是非政府組織的一種。自主性意味著這些組織在運作和決策上不依賴於政府或外部力量，其目的是為了推動某項社會目標或提高某種社會意識。志願結社在社會中的影響力不容小覷，它們常透過提供公共服務、推動政策改變或社會倡議，對社會產生積極影響。這些組織能夠動員社會資源，凝聚公眾關注，促使社會進步和改革。志願結社的存在與運作，增強了公民的參與感和責任感，促進社會的多元化和民主化進程。
21,7,第二冊,4,公共意見,1,公共意見與其特性,多元性、流動性,本節介紹了公共意見的定義及其特性，強調公共意見是民眾對公共事務的態度和看法的集合，並具有多元性和流動性。多元性體現於不同社會群體對同一公共議題可能產生多種意見，而流動性則指公共意見會隨時間和環境的變化而改變。公共意見在民主制度中扮演著重要角色，影響政策制定和政治決策。理解公共意見的特性，可以更好地把握其在社會治理中的作用。此外，本節還探討了公共意見形成的過程及其對社會穩定的影響。
22,7,第二冊,4,公共意見,2,媒體與公共意見,媒體的影響、公共輿論,本節探討了媒體對公共意見形成的重大影響，強調媒體不僅是資訊傳播的工具，更是塑造社會輿論的重要力量。通過新聞報導、社論和社交媒體，媒體可以引導公眾的關注點和理解深度，從而影響政策制定和社會變革。此外，本節還探討了媒體多樣性與公平公正報導的重要性，防止資訊壟斷和偏見，引導健康的公共討論。了解這些內容，有助於學生認識媒體在民主社會中的角色及其對個人思考的重要性。
23,7,第二冊,5,公平正義,1,社會地位與不公平處境,社會階層流動、差異化待遇,本節探討了社會地位在現代社會中的重要性，並分析其與社會不公平現象之間的關聯。首先，社會階層流動被視為個體社會地位變遷的關鍵，討論如何透過教育、職業等途徑實現向上流動以改善不公平處境。同時，課程還探討了差異化待遇問題，強調社會在性別、種族、文化背景等方面所造成的不平等待遇，如何加劇社會不平等現象。理解這些因素有助於促使學生反思現存的社會架構，強調每個人都應機會平等以實現真正的公平正義。
24,7,第二冊,5,公平正義,2,社會中的不公平現象,社會不公平、制度不公,本節介紹了社會中的不公平現象，強調社會不公平可以從個人、團體和制度三個層面來觀察。從個人層面來看，不公平可能源於獲取資源和機會的不均等；從團體層面，某些社群可能因其共同特徵而受到不平等待遇，如收入不均或種族歧視；而在制度層面，不公平則可能體現於法律、政策和制度上的錯誤設計或執行不力。這些社會不公平現象不僅影響社會和諧，也可能限制個人的發展和幸福。有鑑於此，解決社會不公需要個人努力和制度改革，促進社會更加公平正義。
25,7,第二冊,5,公平正義,3,追求公平正義,社會契約、權利義務,本節主要探討社會中公平正義的重要性以及如何追求公平正義的問題。首先，透過社會契約的概念來解釋個體在社會中所擁有的權利與應承擔的義務，以維持社會的和諧與平衡。其核心在於理解不同社會角色和制度如何協同合作以實現一個公平公正的社會環境。接著，從個人層面深入探討個人如何在日常生活中實踐公平正義，包括尊重他人的權利、在決策中考慮更廣泛的社會利益等。此外，也涉及到制度如何設計和改進以便更好地實現公平，例如法律的制定與執行、公共資源的分配等方面。這些都強調了實現公平正義需要社會各層面的共同努力與參與。
26,7,第二冊,6,社會安全與國家責任,1,人性尊嚴與社會安全,人性尊嚴、社會安全,本節探討社會安全與國家責任的關係，強調人性尊嚴是社會安全的核心理念。首先，社會安全是指保障個體免受各種社會風險影響的系統，這要求國家制定相關政策來維護公民的基本權利。其次，人性尊嚴是社會安全的基石，意味著每個人都應該被平等對待，享有基本的生存和發展條件。這一理念推動了國家在制定法律和政策時重視個人尊嚴和幸福。最後，透過保證社會安全，國家展現了對其公民的保護責任，並促進社會的和諧與穩定。
27,7,第二冊,6,社會安全與國家責任,2,社會安全的起源與發展,社會安全制度、國家責任,本節主要探討社會安全制度的起源與發展，解釋其在保障公民福利與穩定社會秩序中的重要角色。社會安全制度源自於政府為確保公民基本生活需求所設立的保障體系，隨著時代的進步，這些制度在不同國家和地區有其獨特的發展路徑。國家責任在此背景下凸顯，政府透過合理的制度設計與政策推行，致力於維護社會公平與全民福祉，避免社會不公現象的擴大。此外，本節也涉及到社會安全制度面臨的挑戰，如人口老齡化、資源分配不均等問題，這些挑戰促使國家在政策層面上做出調整與創新，確保其持續運行並發揮應有的功能。
28,7,第二冊,6,社會安全與國家責任,3,我國的社會福利制度,社會福利制度、國家角色,本節介紹我國的社會福利制度，強調國家在保障人民基本生活需求中的重要角色。社會福利制度是由政府設立的一系列措施，旨在支援弱勢群體、減少社會不平等，並促進社會穩定。政府透過政策制定、資源分配與執法來實現這些目標。在我國，社會福利政策涵蓋了醫療保健、教育、住房等方面，並提供經濟援助和服務支持。此節亦強調，政府的責任不僅僅是提供資源，還需不斷完善和適應變化的社會需求，確保每位公民都能得到基本的生活保障與發展機會。
29,8,第三冊,1,國家與民主治理,1,什麼是國家？國家與政府的差別,國家主權、政府制度,本節主要探討什麼是國家以及國家與政府的差別。首先，國家是一個擁有主權的政治實體，由固定的領土、人口、政府和主權構成。其次，國家和政府之間有著明顯的不同：國家是指一個社會或國際法律上的實體，而政府則是管理國家事務的機構或組織。在探討這些概念時，本節也涉及了國家主權的意義，並如何透過政府制度執行具體的行政和公共政策，從而維持國家運作及保護其公民的利益。此外，還介紹了不同類型的政府形式，如民主和專制，使讀者對國家運行的不同面向有更全面的理解。
30,8,第三冊,1,國家與民主治理,2,民主治理所具備的特色,人民參與、權力分立,本節介紹民主治理的特色，首先強調人民參與是民主治理的重要基石，讓公民能夠透過選舉、請願和其他形式參與政治決策。此外，權力分立是民主治理的另一個關鍵特徵，保障司法、立法與行政三大權力機構各司其職，相互制衡，避免集權帶來的潛在問題。民主治理強調公民自由與政府透明度，這樣的體制設計旨在促成一個更公正和開放的社會，提供每一位公民平等的機會參與國家治理，從而提升公共政策的合理性和有效性。
31,8,第三冊,2,法治社會,1,人治與法治,人治、法治,本節介紹了法治與人治兩種社會治理模式的基本概念和區別，強調法治在推動社會公正與穩定中的重要性。人治是依賴個人意志治理社會，法律不具有至高權威，而法治是以法律為基礎的治理方式，法律高於個人或某一群體的意志，所有人都處於法律的規範之下。法治社會強調透明、公開及公平的法律制度。對比之下，人治容易導致專制與不公，法治則有助於形成一個穩定、公平的社會環境。本節因此鼓勵理解法治的重要，並推動法律素養的培養。
32,8,第三冊,2,法治社會,2,法律的位置,法律的層次、法律的運作,在法治社會中，法律不僅是政府管理和社會運作的基礎工具，更是保障公民權益的重要手段。本節探討了法律在國家治理中的層次及其運作機制。法律的層次涉及憲法、法律、行政法規和地方法規等，這些層次架構明確界定了各級法規的權重和應用範疇，確保法律體系的有序性和系統性。此外，法律的運作則涵蓋立法、司法和執法三大機制，這三者的互動促成了法治的實現和社會的穩定。了解法律的位置和功能，有助於公民更好地參與和監督公共事務，維護自身合法權益，推動社會進步。
33,8,第三冊,3,權利保障與權力分立,1,憲法為何是人民權利的保障書？,基本權利、憲法的保障,憲法是現代國家中最重要的法律文件，具有最高的法律地位，旨在保護人民的基本權利和限制政府權力。首先，憲法明確規範了國家與人民之間的權力關係，確保政府權力不能濫用，並以此保障公民的基本權利如言論自由、宗教信仰自由和人身自由等。其次，憲法設置了各種機制來監督和制約政府的權力行使，如司法獨立制度，這些機制確保政府在運行過程中不得侵害人民的權利，從而成為捍衛自由與權利的根本保障。此外，憲法也提供了解決國家與個人之間糾紛的法律框架，以維護社會的正義與穩定。
34,8,第三冊,3,權利保障與權力分立,2,為什麼政府的體制需要權力分立？,權力分立原則、政府體制,本節主要探討政府為何需要採用權力分立的體制。權力分立是現代民主國家的基石之一，其核心理念在於將權力分割成相互制衡的不同部分，以防止權力集中而導致的專制現象。透過立法、行政和司法三權的分離，確保各部門在各自領域內相互牽制，進而維護公共利益和個人權利。此外，權力分立還促進透明度並提高政府政策的合法性及正當性，從而增強公民對政府的信任度。本節內容強調權力分立的重要性及其在保障民主制度運行中的關鍵角色。
35,8,第三冊,4,中央政府,1,中央政府的組成,行政院、立法院,本節主要介紹了中央政府的組成，中央政府是國家的最高行政機構，負責制定和執行國家政策。中央政府由行政院、立法院、司法院、考試院和監察院五個院組成，其中行政院為最高行政機關，負責國家的具體行政事務。立法院是最高立法機關，負責審議和制定法律。這些機構共同協作，確保政府的有效運行和國家的穩定發展。此外，本節還簡要探討了各院之間的合作與制衡機制，以確保政治運作的透明與公平。
36,8,第三冊,4,中央政府,2,我國中央政府的互動關係,權力分立、中央政府互動關係,本節介紹我國中央政府各部門之間的互動關係，重點討論了行政、立法及司法三權分立的體制如何運作，各自的角色與職責，以及在政策制定與執行過程中，各部門如何相互協調與監督。行政部門負責政策的執行，立法部門則制定法律並對行政部門進行監督，而司法部門負責確保法律的公正執行。通過這樣的互動關係，確保政府運作的效率與透明度。此外，本節還探討了在權力分立體制下，各部門間的合作及衝突情況，強調協調與溝通的重要性以促進政策落實，保障公共利益。
37,8,第三冊,5,地方政府,1,地方政府的組成,地方政府組織、權力分配,本節主要介紹地方政府的組成結構，首先探討不同層級的地方行政單位以及其組織形式，從縣、市到鄉鎮的架構與名稱差異，接著分析地方政府在地方與中央權力中的地位，並如何在法律規範下運作。討論地方自治的理念及其實際執行，其中地方政府的自主性及對民眾的影響力是焦點。還包括地方政府的職責分配，如何管理地方公共事務，並維持地方秩序。此外，闡述了地方政府的組成人員選舉機制和選舉制度，如何保障地方行政的民主與品質。整體上，本節旨在讓讀者了解地方政府的基礎功能及其在國家治理結構中的角色。
38,8,第三冊,5,地方政府,2,地方政府的職權,地方政府的組織結構、地方政府的職能,本節介紹地方政府在國家治理體系中的角色與作用，首先講述地方政府的組織結構，包括行政、立法及司法機構的配置和職能分工。這些結構和功能是保證地方政府有效運作的基礎，影響著其決策和執行能力。然後談及地方政府的具體職能，如教育、交通、治安及環境保護等方面的管理職責，並探討地方政府如何通過資源分配和政策調整，應對地方發展需求及挑戰，確保公共服務的高效提供及地區經濟社會的協調發展。同時，也提及地方政府在中央與地方關係中的權力和責任分配，強調各層級政府間的協同合作。
39,8,第三冊,6,政治參與,1,為什麼要政治參與？,公民責任、民主運作,本節討論了政治參與的重要性，強調公民在參與政治活動時所承擔的責任，這不僅有助於增強民主制度的運作效率，也提升社會的凝聚力。政治參與是公民表達意見、影響政府決策的方式之一，透過調動公眾的力量能夠監督政府行為，預防濫用職權。本節還分析了積極投票、集會遊行等行動如何能夠促進政策的制定與改進，讓不同的聲音在政治舞台上被聽見，進一步強化民眾與政府之間的互動，從而確保政府施政能契合公眾利益。
40,8,第三冊,6,政治參與,2,為什麼投票是重要的參與形式？,投票權、公民責任,本節主要探討為什麼投票是民主社會中至關重要的政治參與形式。首先，投票是人民表達意見和影響政府決策的主要途徑，能夠直接反映公民對政策、候選人和政黨的支持程度。其次，投票也是每個公民應履行的重要責任之一，體現了公民的參與精神和對於民主制度的支持。此過程不僅僅影響當前的政策方向，還在長遠上塑造國家的政治環境和社會信任。隨著社會對公民教育的重視，提升公民的政治意識和投票率已成為維持民主穩定和促進政治透明的重要手段。因此，本章節強調了投票作為政治參與形式對民主制度的不可或缺性及其對社會的深遠影響。
41,8,第三冊,6,政治參與,3,如何落實公平投票？,投票制度、選舉公平,本節內容圍繞如何確保公平投票來提升民主政治的質量。投票制度的設計直接影響到選舉的公正性，一個透明而公正的投票制度能夠增強公眾對選舉結果的信任。除了制度設計，選舉過程中的監督機制也同樣重要，這包括防止操縱選票和確保選民的自由選擇。為了維持選舉的公平性，還需提供充分的公共教育，使每個公民都能理解投票的意義和流程，並積極參與。此外，政府和社會各界還需致力於減少選舉競爭中的不當干預，確保每個候選人和政黨有平等的競爭環境。通過這些措施，我們可以確保民主制度的正常運行和社會的穩定發展。
42,8,第四冊,1,生活中的契约,1,民法典契约,合同的基本概念、合同的履行,本節探討了生活中經常遇見的契約，包括合同及其重要性。民法典中的契約涉及到了個人和企業之間的法律責任及權利保障。首先，介紹了合同的基本概念，如合同的定義、種類和作用，說明合同在雙方同意下具有法律效力。接下來，討論了合同的履行，強調誠信原則和雙方的責任，以及違約情況下的法律處理方式。學習這些知識有助於理解如何合法有效地建立和履行契約，避免不必要的法律糾紛。
43,8,第四冊,1,生活中的契约,2,如何訂立有效契約？,契約的要約與承諾、契約的法律效力,本節主要探討如何訂立一份有效的契約，首先涉及的是契約的要約與承諾，即一方提出要約並獲得另一方同意後，契約即成立。另外一個關鍵點在於契約的法律效力，包含契約必須具備的法律要素如合法目的、當事人的行為能力，以及約定條款明確等，這些要素缺一不可，以確保契約具有法律約束力。本節還強調了事先了解契約條款的重要性，防止爭議發生，以確保雙方權益得到保障。
44,8,第四冊,1,生活中的契约,3,行為能力與契約效力,行為能力、契約效力,本節探討了何謂行為能力及其對契約效力的影響。首先，行為能力關係個人能否獨立簽署契約，以達成合法交易。不同年齡及心智狀況會影響個人行為能力的認定，因此法律對不同情況的行為能力有詳細的規定。其次，契約效力則取決於當事人是否具備適當的行為能力。若一方不具備完全行為能力，則可能導致契約無效或可撤銷。這不僅保護了無行為能力或限制行為能力人，也確保契約雙方在公平的基礎上履行契約義務。了解這些概念有助於我們在生活中更有效地判斷和處理各種契約關係。
45,8,第四冊,2,民事糾紛的解決,1,民事糾紛的法律責任,法律責任的類型、歸責原則,"本節介紹民事糾紛中的法律責任，強調了解不同類型的法律責任及其對應的解決途徑是一種基本的公民素養。首先，知識點提到法律責任的類型，涵蓋了合同責任、侵權責任等，這是解決民事糾紛的核心。其次，歸責原則作為另一重要知識點，幫助理解在不同情況下，如何確定責任的範圍和方式。通過具體案例的分析，本節引導讀者在實際生活中，如何運用這些法律知識解決民事糾紛，達到維護自身合法權益的目的。總體來看，小節提供了一個完整的框架，幫助讀者全面了解民事糾紛中法律責任的各個方面。"
46,8,第四冊,2,民事糾紛的解決,2,民事糾紛的處理方式,訴訟、調解,本節主要探討民事糾紛的一些常見解決方式。首先介紹了訴訟的途徑，作為一種由法院介入且具有法律約束力的解決途徑，是許多人面臨重大糾紛時選擇的途徑之一。此外，調解作為另一種方式，則著重於雙方在第三者的協助下，自主達成和解，避免訴訟對立所帶來的時間和金錢成本。不論選擇何種方式，最終目的是維護當事人合法權益，化解矛盾並促進社會和諧。讀者將了解在日常生活中，面對不同類型的民事糾紛時，應如何選擇合適的處理方式，並權衡不同方法的利弊。
47,8,第四冊,3,刑法與刑罰,1,為什麼要制定刑法？,犯罪預防、社會秩序,本節探討刑法制定的重要性，刑法是國家用以維護社會秩序的重要法律工具之一，旨在通過懲罰違法行為來達到預防犯罪的效果。制定刑法的原因包括保護公民的生命、財產和基本權利，防止社會出現無序和混亂，並為公民提供公平的法律指導和約束。刑法也具有教育公眾的功能，提醒人們其行為界限以及違法可能帶來的後果。同時，刑法提供了一個對違法行為者進行改造和重新適應社會的機會。總體而言，制定刑法是維持國家和社會正常運行的基礎。
48,8,第四冊,3,刑法與刑罰,2,刑罰與責任能力,刑罰的目的、責任能力的概念,本節探討刑法中刑罰的意義及其目的，強調刑罰不僅是對犯罪行為的懲罰，更是一種預防犯罪及矯正犯罪者的工具。刑罰的種類和適用方式也是本節討論的重點，讓學生理解如何以法律手段維護社會秩序。此外，本節還涵蓋了責任能力的概念，這是刑法中的一個關鍵要素。責任能力關係到個人在法律上是否應對其行為承擔刑事責任，包括理解刑法條款及分析精神障礙、未成年人等特殊情況對責任能力的影響。學生需要掌握如何評估責任能力，以便在實際情境中準確判斷個人是否應承擔法律責任。
49,8,第四冊,4,刑事案件的追訴,1,犯罪的追訴過程,犯罪偵查、檢察審查,本節介紹刑事案件追訴的主要階段，包含了從犯罪偵查到檢察審查的完整過程。在犯罪偵查階段，警方會收集證據、詢問證人和嫌疑人，以確定是否有犯罪行為發生。接下來，案件轉交給檢察官進行檢察審查，他們會進一步評估證據及案件的合法性，最終決定是否提起公訴。這一過程確保了在刑事司法系統中，所有案件都經過嚴謹的調查和公正的審查，以保護嫌疑人和被害人的權益。整個追訴過程強調準確和公平，以維護法律的公正性和完整性。
50,8,第四冊,4,刑事案件的追訴,2,警察、檢察官及法官的職權,案件調查、法律審判,這一節主要介紹了警察、檢察官及法官在刑事案件追訴過程中的各自職權。首先，警察負責刑事案件的初步調查和證據收集，是整個司法程序的第一環節，其目的是確保犯罪嫌疑人的行為得到有效地證據支持。其次，檢察官是案件的主控一方，他們負責對案件進行進一步的審查和控訴，以及決定是否起訴犯罪嫌疑人。他們在司法程序中的角色至關重要，因為他們需要確保所有的證據都足以支持對嫌疑人的控訴，並且要對法律適用準確無誤。最後，法官是案件的最終裁決者，負責審查檢察官和辯護方提交的證據，確保審判過程的公平公正，並根據法律作出決定和判刑。他們的判決直接決定了嫌疑人的命運，因此職責重大。這些法律角色分工明確，但需緊密合作，以維護司法公正。
51,8,第四冊,5,行政法規與行政救濟,1,行政法規與依法行政,依法行政、法律保留,行政法規與依法行政是現代法治國家的基本原則和核心內容之一。在此章節中，我們探討了行政法規的意義和作用，強調行政機關在行使權力時必須依據法律行事，不能超越法律的授權範圍，避免濫用行政權。此外，法律保留原則要求任何對公民權利與義務的影響，都必須有法律明確依據，這不僅是對行政活動的規制，也是對公民權利的保障。本章節還介紹了行政法規的制定和運作過程，旨在確保行政行為的合法性和合理性，以維護公共利益和法律秩序。
52,8,第四冊,5,行政法規與行政救濟,2,生活中有哪些常見的行政管理？,行政行為、行政程序,本節介紹了生活中常見的行政管理，包括政府如何通過制定和執行各種規範和政策，以維持公共秩序和促進社會福利。行政行為被視為政府機構為實現公共利益而採取的具體措施或行動，其中可能包含各類官方決策，如財政預算的分配或重大基礎設施的規劃。行政程序則指揮有關部門如何進行具體的行政行為，其目的在於確保這些行為符合法律程序，保障公民的權益和參與權。對於普通公民而言，理解和利用行政程序，可以有效地維護自身合法權益，保障在遭遇行政行為時能夠合理應對。
53,8,第四冊,5,行政法規與行政救濟,3,行政救濟的方法,訴願制度、行政訴訟制度,本節介紹行政救濟的方法，主要著重於探討在行政行為下對不當或違法決策的救濟管道。首先，訴願制度是行政救濟的第一道程序，旨在讓人民對於行政機關所作的不當決策提出異議，這提供一個更迅速且低成本的解決方案。其次，若訴願不成或對結果仍不滿意，人民可進而提起行政訴訟制度，此途徑為司法救濟的方式，由法院作出最終的裁判。此外，小節中也分析了兩種制度的優劣與適用範圍，探討如何在不同的情況下選擇適當的救濟方式，以確保公民權益得到有效保障，並保持行政機關的依法行政。整體而言，行政救濟方法的設計，旨在提供全面的權利保護途徑，以促進行政透明度和法治。
54,8,第四冊,6,兒少權益的維護,1,兒少權益誰來維護？,兒少福利發展法、兒童權利公約,本節探討兒童及少年權益的維護，強調社會對弱勢族群的保護責任。首先介紹《兒少福利發展法》，這是確保兒少基本權益的重要法律，規範政府及相關機構應提供的保護措施。此外，本節還提及《兒童權利公約》，該公約對兒童的生存、保護、發展及參與權提出國際性認可標準，各國需致力實行以保障兒少健全成長。本節強調政府與社會的共同責任，並呼籲大家加強對兒少權益問題的關注與行動，以確保兒童及少年健康成長環境的持續改善。
55,8,第四冊,6,兒少權益的維護,2,少年犯罪行為的處理,少年犯矯正機構、再犯預防措施,本節討論了少年犯罪行為的處理，重點在於如何有效地矯正和預防青少年再犯。首先，政府和社會組織需要協同合作，為少年犯提供專門的矯正機構，這些機構不僅注重法律制裁，更強調心理疏導和教育，以改變其行為模式。其次，預防再犯是處理少年犯罪中不可或缺的一環，透過早期介入、持續跟蹤輔導以及提供職業訓練和教育機會，使青少年重新融入社會，避免再次走上犯罪道路。綜合考量每名少年犯的背景和需求，量身訂製的矯正方案是成功的關鍵。
56,9,第五冊,1,選擇與消費,1,選擇與機會成本,選擇、機會成本,本節介紹選擇與消費決策中重要的概念，如選擇與機會成本。選擇是指個人在資源有限的情況下，為了達成目標需做出的多種決策。這些選擇背後隱含著機會成本的考量，即放棄某一選項所失去的潛在收益。選擇通常受限於收入、價格和個人偏好，對生活決策有深遠影響。因此，了解選擇與機會成本可幫助個人做出更佳決策。本節強調合理資源分配對提高個人滿意度和生活品質的重要性，並提供一些評估選擇的方法以優化消費決策。
57,9,第五冊,1,選擇與消費,2,誘因影響選擇行為,誘因的重要性、消費選擇的影響,本節內容探討了誘因在影響消費者選擇行為中的關鍵作用。首先，誘因的重要性是每個消費者在做出購買決策時考量的核心因素之一。消費選擇的影響體現在各種誘惑性優惠或者促銷戰略中，消費刺激如折扣、贈品和會員積分計畫等，都是強而有力的誘因策略，能夠驅使消費者做出特定的購買決策。在了解這些誘因之後，企業可以更有效地設計行銷計畫，從而達到影響消費者選擇行為的最終目的。此外，消費者也應該意識到這些誘因的存在，從而在做出選擇時更加理性和客觀。
58,9,第五冊,1,選擇與消費,3,影響消費者的因素,文化和價值觀、社會經濟地位,本節介紹影響消費者的多種因素，文化和價值觀是關鍵的一環，因為它們塑造了人們的偏好和消費習慣，不同文化背景下的消費行為可能有顯著差異。此外，社會經濟地位同樣對消費選擇有重要影響，消費者的收入水平、職業和教育程度等均會影響其購物行為和消費決策。具體而言，收入較高的群體往往具有較高的購買力，能夠選擇質量更高的商品和服務，而收入較低的群體則可能更加關注性價比。在全球化和互聯網時代，這些因素的影響變得更加顯著和多樣化，因此理解這些因素的相互作用對於商家來說至關重要，能夠幫助他們更好地鎖定目標市場並制定合適的行銷策略。
59,9,第五冊,2,生產與資源分配,1,生產與利潤,生產因素、利潤最大化,在生產與利潤的討論中，首先介紹了生產過程的基本組成，包括土地、勞動、資本與企業家才能等生產要素的組合及其效率。其中，生產因素的有效利用是企業競爭力提升的關鍵。另外，文中著重講述企業在生產過程中追求利潤最大化的策略，這涉及到產品定價、成本控制及市場需求分析。通過對成本收益分析方法的探討，了解如何在不斷變化的市場環境中做出適應性決策，以實現企業的長期可持續發展和競爭優勢。整體來看，該小節強調了理論與實際應用相結合的重要性。
60,9,第五冊,2,生產與資源分配,2,影響生產者的因素,資源稟賦、生產成本,本節主要探討影響生產者決策的各種因素，包括自然資源、技術水平和市場需求等。首先，資源稟賦是決定生產者能夠利用哪些資源進行生產的重要因素，這會直接影響生產效率和產品的質量。此外，生產成本也是生產者須考量的關鍵因素，成本的高低會影響最終產品的定價和市場競爭力。生產者在制定生產計劃時，必須權衡這些因素，以達到最大化效率和收益的目標。通過了解和分析這些影響因素，生產者可以更有效地做出生產決策，提高生產力和競爭力。
61,9,第五冊,2,生產與資源分配,3,資源分配與公平正義,資源分配、公平正義,本節探討資源分配的原則和實踐，強調在有限資源下如何有效和公正地進行分配。資源分配涉及到經濟體系中資源的配置，考慮效率與效率之間的平衡以及分配的公平性。公平正義是另一個核心議題，討論如何在資源分配中維護社會公正，減少貧富差距，並確保每個人都有基本生活保障。通過案例分析，本節闡述了不同分配模式對社會結構和個人生活的影響，強調了決策者在政策制定中兼顧效率與公平的必要性，並指出社會資源分配不僅是經濟問題，也是深刻的社會倫理挑戰。
62,9,第五冊,3,市場與競爭,1,市場與交易,供給與需求理論、市場均衡,本節介紹市場與交易的基本概念，首先闡述了供給與需求理論，這是市場如何運作的核心原理。當需求增加而供給不變時，價格會上升，反之亦然，這動態影響著市場價格和交易量。繼而討論市場均衡，指出在均衡狀態下，市場供需一致，沒有短缺或盈餘。理解這些概念有助於分析市場反應及預測價格變動，並強調市場調節機制在資源分配中的角色。此外，市場與交易的過程不僅涉及經濟計算，還牽涉心理與社會因素，影響決策行為和交易效率。
63,9,第五冊,3,市場與競爭,2,市場競爭方式與程度,供需法則、完全競爭市場,本節主要介紹市場競爭的不同方式與程度，分析市場如何運作的機制。首先討論供需法則，說明市場價格如何通過需求與供給的相互作用而決定，並進一步探討價格如何影響市場資源的配置。接著講解完全競爭市場的概念，此類市場中有許多買賣雙方，產品同質且透明度高，參與者不具有影響價格的能力，因此價格只能由市場決定，進而達到資源最有效的分配。了解以上概念有助於學生對市場運作的基本原理和不同競爭程度下的市場行為有更深入的認識。
64,9,第五冊,3,市場與競爭,3,消費者權益的保障,消費者權益、保障措施,本節主要探討消費者在市場競爭環境中所擁有的各項權益及其保障措施。首先，消費者權益指的是消費者作為市場的重要一環，應享有的知情權、安全權、公平交易權等基本權益。為保障這些權益，各國政府通常設立相關法律法規，如《消費者保護法》，以確保消費者在商品或服務選擇過程中的安全和公平。此外，消費者個人應具備一定的維權意識和能力，善於利用法律途徑、消費者委員會等機制，積極維護自身利益。本節強調了解和行使消費者權益的重要性，以及社會各界共同努力以提升消費者保障水平的必要性。
65,9,第五冊,4,分工與貿易,1,分工合作的社會,分工、合作,本節介紹了分工在社會中的重要性以及合作的必要性。透過分工，各個個體能夠專注於自己擅長的領域，提高整體效率，進而促進生產力的提升。分工讓社會中的專業技能得以深入發展，同時也導致經濟的互賴性增加。因此，協作成為保障社會高效運行的關鍵。另外，隨著全球化的發展，國家之間的分工和貿易日益密切。一國的勞動者和企業通過分工與合作，不僅能夠有效地生產產品，還能夠進行貿易以獲取更多的資源和利益。因此，理解分工合作的原理對於認識現代經濟和社會運作具有重要意義。
66,9,第五冊,4,分工與貿易,2,國際分工與國際貿易,絕對利益法則、比較利益法則,本節主要探討國際分工與貿易的基本概念，強調各國透過分工提升生產效率的優勢。首先介紹絕對利益法則，指出當一國在某產品的生產上具有絕對優勢時，該國應專注生產此產品並出口以獲取最大利益。接著解釋比較利益法則，即使一國在所有產品的生產上都不具絕對優勢，仍然可以透過專注於相對效率較高的產品進行貿易，從而提高全球資源的配置效率。這兩個法則示範了為何國際貿易能促進經濟成長，並引導各國在經濟全球化中如何運用分工實現雙贏。
67,9,第五冊,4,分工與貿易,3,臺灣開放進口商品的利弊,開放進口、平衡發展,在這一節中，我們探討了臺灣開放進口商品所帶來的利與弊。開放進口有助於提升市場競爭力，促進臺灣經濟的國際化與多樣化，有利於消費者獲取更多選擇和更低的價格。然而，過度依賴進口產品也可能導致本地產業的衰退，影響經濟自主性，進而可能造成就業市場的不穩定。因此，如何在促進進口和保護本地產業之間找到平衡成為政策制定者面臨的挑戰。政策需要兼顧國際市場的需求和本地經濟的穩定發展，以實現經濟的可持續性和平衡增長。
68,9,第五冊,5,貨幣的使用,1,為什麼會出現貨幣？,交易的需求、價值儲藏,本節主要探討了貨幣的起源及其必要性。最初，人們通過以物易物的方式進行交易，但隨著經濟活動的增強和需求的複雜化，以物易物所涉及的交換困難逐漸顯現，特別是在匹配雙方需求時的低效率問題。於是，一種穩定且普遍接受的交換媒介——貨幣便自然誕生，以解決交易中的不便。貨幣不僅充當交易的中介，更重要的是它具備價值儲藏功能，能夠有效地保存並累積財富，從而促進了市場經濟的深化和跨時間的資源配置。
69,9,第五冊,5,貨幣的使用,2,新型態的支付工具,電子支付、數字貨幣,隨著科技的進步，新型態的支付工具逐漸取代傳統的現金支付。其中，電子支付以其便捷性和安全性成為消費者的首選，涵蓋了行動支付、雲端支付等多種形式。數字貨幣則是由中央銀行或私人機構發行的虛擬貨幣，它不僅可以降低交易成本，還可以提升支付效率。這些工具的普及正在改變人們的支付習慣，推動著經濟活動的數字化。在這樣的背景下，了解並適應這些新型支付工具變得越發重要，既能掌握消費趨勢，也為財務管理提供了便利。
70,9,第五冊,5,貨幣的使用,3,外幣與匯率,匯率、外匯市場,本節探討了外幣的概念及其在國際貿易和金融中的角色。匯率作為不同國家貨幣間的交換比例，對國際經濟活動有重大影響。外匯市場是世界上最具流動性和規模龐大的市場，作用於國際匯率的形成及調整。此章節解析了匯率的決定因素，包括供求關係、中央銀行政策、經濟指標和市場情緒等。還探討了固定匯率與浮動匯率制度的優缺點，及其對一國經濟的影響。此外，小節也涵蓋了匯率變動如何影響進出口、跨國投資及旅行消費等方面，深入淺出地解釋了匯率變動的經濟和社會效應。
71,9,第五冊,6,社會中的勞動參與,1,為什麼勞動參與是重要的？,勞動力市場、經濟發展,本節探討了勞動參與在社會中的重要性，首先，勞動力市場是任何社會經濟的基石，勞動力的供給和需求直接影響薪資水平及工作機會，勞動參與率的高低反映了社會的經濟活力，影響著經濟增長和人口結構等因素。其次，勞動參與推動了個人和整體的經濟發展，個人因勞動獲得收入和發展機會，提升生活質量，整體上，更多的勞動參與促進創新和生產效率，增強國家的競爭力和可持續發展。這使得理解勞動參與的重要性成為每個公民必要的社會知識。
72,9,第五冊,6,社會中的勞動參與,2,為何要保障市場勞動參與？,勞動權、勞動參與保障,本節探討了市場勞動參與的重要性及保障其參與的必要性。首先，勞動權作為一項基本人權，對個體自我價值實現至關重要。擁有勞動權不僅能促進個人經濟獨立，還能提高整體社會的生產力。其次，勞動參與保障機制有助於提升就業機會，減少失業問題，並促進社會公平。這些保障措施包括完善的法律體系、公平的勞動市場及全面的教育和培訓制度，以確保不同背景和性別的人都有公平的就業機會。同時，企業和政府應合作維護勞動者的基本權益，確保在經濟發展過程中實現社會的和諧與穩定。
73,9,第六冊,1,科技發展,1,科技發展的應用與影響,科技進步、社會變革,本節探討科技發展的應用及其對社會帶來的深遠影響。首先，科技進步加速了各領域的創新與發展，例如信息技術、醫療科技及可再生能源等，都極大地改善了人們的生活質量與效率。此外，科技的應用也促進了社會結構的變革，如促進全球化進程、增強數據分析能力、改變勞動力市場形態，甚至影響到經濟模式與文化交流。其次，科技發展帶來的挑戰同樣不容忽視，諸如網絡安全問題、隱私權保護、科技倫理等，均需謹慎處理，以確保科技正向推動人類社會走向更美好的未來。因此，本節旨在使學生全盤理解科技對現代生活的深刻影響與未來趨勢。
74,9,第六冊,1,科技發展,2,尊重智慧財產權,專利權、著作權,本節主要介紹了智慧財產權的概念及其重要性。首先，智慧財產權是一種法律權利，用於保護創意及創新成果，讓創作者能夠因其勞動成果獲得合理的經濟回報，其中專利權和著作權都屬於智慧財產權的重要組成部分。其次，本節探討了專利權如何保護發明和技術，並在技術創新的過程中扮演的角色。同時，著作權則用於保護文學、藝術作品的創作，保障創作者的權益。另外，尊重智慧財產權不僅是一種法律義務，也是一種對創新價值的認同，有助於推動科技發展及社會進步。
75,9,第六冊,2,全球化的影響與挑戰,1,全球化的影響,跨國公司、文化交流,本節探討全球化對不同國家的影響，首先介紹跨國公司如何在全球經濟中扮演重要角色，影響當地經濟、就業與市場運作，並分析這種運作模式對於發展中國家和已開發國家的利弊。其次，討論全球化帶來的文化交流與融合，包括飲食、音樂、語言等方面的互動與影響。文化交流促進了多元文化的擴散與接受，然而也可能導致文化同質化的問題。此外，本節還涉及全球化如何改變人們的生活方式，以及在全球化進程中，各國為應對挑戰所採取的策略和政策。這些內容幫助學生理解全球化對社會、經濟和文化的深遠影響。
76,9,第六冊,2,全球化的影響與挑戰,2,全球化面臨的挑戰,貿易壁壘、文化衝突,全球化面臨著多方面的挑戰，其中貿易壁壘的存在使得國際間的貨物和服務流通受到限制，導致市場的非效率性和不公平競爭現象。而文化衝突則是不同國家和地區由於文化背景、價值觀念的差異，導致在全球化進程中出現的摩擦與不和諧。這些挑戰不僅影響著國際社會的和諧與穩定，也對各國的經濟和文化交流造成潛在的威脅與障礙。因此，如何在全球化的背景下促進不同國家和地區的共融，減少衝突與壁壘，成為當今國際社會的重要課題。
77,9,第六冊,3,國際參與,1,國際社會的互動,國際組織、國際合作,本節探討國際社會中的各種互動形式，特別是通過不同的國際組織和合作機制來促進各國之間的合作與交流。國際組織在全球治理中扮演著重要的角色，提供了一個多邊協商和決策的平台，使各國能夠共同解決涉及多方面的全球性問題，如環境、貿易和人權。此外，國際合作也是實現和平與安全的重要途徑，透過合作，各國可以增進相互了解、分享資源與技術，並應對共同面臨的挑戰。本節還強調了國家間互動的重要性，以及通過合作和協商來確保國際秩序和穩定的必要性。
78,9,第六冊,3,國際參與,2,我國身處的國際環境,國際合作、國際組織,本節主要介紹了我國在國際社會中的角色與參與方式。在全球化的背景下，各國之間的互動與合作被強調。我國不僅是多個國際組織的積極成員，還參與各類區域性與全球性合作倡議，如聯合國、世界貿易組織等。我國的外交政策與國際策略重點在於促進和平發展、建設和諧世界。在國際經濟、文化、科技等領域，我國的參與與貢獻日益彰顯。同時，本節還分析了國際形勢的變遷對我國政策制定的影響，強調國際合作的重要性。
