q_id,summary,subject,chapter,description,difficulty,simple_answer,detailed_answer,tag,timestamp
1,,,,Medium,,,2025-03-07T23:21:47.231590
2,,,1+1=?,Easy,,,2025-03-07T23:28:33.815497
3,數學,,answer the question,Medium,,"這題考到**三角形重心**的概念。

重心 $G$ 的座標是三角形三個頂點座標的平均值。給定 $A(-2, -1)$、$B(5, -2)$、$C(0, 3)$，重心 $G$ 的座標為：

$$
G\left(\frac{-2 + 5 + 0}{3}, \frac{-1 - 2 + 3}{3}\right) = G\left(\frac{3}{3}, \frac{0}{3}\right) = G(1, 0)
$$

接著計算 $A$ 和 $G$ 之間的距離：

$$
d = \sqrt{(1 - (-2))^2 + (0 - (-1))^2} = \sqrt{(1 + 2)^2 + (0 + 1)^2} = \sqrt{3^2 + 1^2} = \sqrt{9 + 1} = \sqrt{10}
$$

因此，$A$ 和 $G$ 之間的距離是 $\sqrt{10}$，所以答案是 (D) $\sqrt{10}$。

如果這個概念還是不太清楚，可以複習**座標幾何與距離公式**的相關內容。",2025-03-07T23:45:00.132339
4,,,解析這段歌詞,Medium,,"這段歌詞透過比喻和象徵的方式展現了自我犧牲和追求夢想的主題。

### Verse1
- **石頭把身體借給了海洋**：象徵堅硬的石頭願意被海洋的**侵蝕**和**沖刷**，代表著犧牲自我的棱角來適應環境。
- **天使把翅膀借給了候鳥**：象徵天使願意賦予候鳥飛翔的能力，強調追尋夢想的力量和自由。

### Pre-chorus
- **滴答 滴答 你把時間留下**：時間的流逝被描述成鐘錶的滴答聲，強調時間的不可逆和珍貴。

整體來看，這段歌詞傳達了一個關於**犧牲自我來追求更高理想**的訊息。同學如果對這些比喻感到陌生，建議回顧**國文課**中關於比喻和象徵手法的部分。",2025-03-08T00:05:52.299714
5,國文,,解析歌詞內容,Medium,,"這段歌詞富有詩意，以**自然意象**來傳達深刻的情感與哲理。以下是解析：

### Verse 1
- **石頭與海洋**：石頭因海洋的侵蝕而磨平稜角，象徵個體在環境中的變化與成長。
- **天使與侯鳥**：天使的翅膀借給了侯鳥，描繪了追求夢想時的自由與努力。

### Pre-chorus
- **滴答聲音**：象徵時間的流逝，但歌者希望能夠把握當下。

### 主題
這首歌暗示著**變化與追求**，呼應著人生中不斷前進、努力與自我調整的過程。

如果對於人生哲理的理解還不清楚，可以複習108課綱中的**現代詩**與**散文**章節，加深對文字隱喻的體會。",2025-03-08T00:43:32.417563
6,歷史,,甲午戰爭是什麼時候,Medium,,甲午戰爭發生在 **1894年到1895年**。這場戰爭是清朝與日本之間的一場戰爭，主要是爭奪朝鮮的控制權。你可以在歷史課本中，找到這部分的內容通常是在 **近代東亞與台灣的變遷** 的章節。如果要更加清楚這段歷史背景，建議可回顧有關**東亞國際關係**以及**列強對清朝的影響**的部分。希望這樣說明對你有幫助哦！有需要的話，記得多看看課本，加油！,2025-03-15T10:25:40.155475
7,,,1+1=？,Medium,,"啊，這個問題非常適合數學的入門練習，屬於 **數學基礎運算** 範疇！根據基本的算術運算：

$formula 1 + 1 = 2$

如果你還對這個運算有疑惑，可以回去複習一下國小階段數學教科書中關於 **加法運算** 的章節喔！",2025-03-15T11:53:27.189615
